geo,name,1990,1991,1992,1993,1994,1995,1996,1997,1998,1999,2000,2001,2002,2003,2004,2005,2006,2007,2008,2009,2010,2011,2012,2013,2014,2015,2016,2017,2018,2019,2020,2021
afg,Afghanistan,1271.93,1463.88,1371.31,1493.86,1826.5,1980.57,2332.75,2024.97,2201.53,2184.76,2205.17,2170.37,2304.34,2495.65,2523.04,2491.92,2607.56,2567.74,2556.46,2559.78,2711.97,2663.26,2698.86,2819.49,2879.77,3496.97,3423.38,3507.01,3816.48,3297.61,3393.49,3432.96
ago,Angola,439.81,445.56,454.39,479.59,501.8,502.51,466.49,465.87,512.47,535.5,545.43,557.51,564.36,581.54,612.74,614.73,633.72,649.95,670.84,691.78,716.77,728.85,743.25,758.17,757.3,777.32,777.9,807.98,821.42,847.82,868.41,874.3
alb,Albania,227.68,260.66,275.97,291.03,303.45,326.01,345.49,398.35,428.63,383.94,329.11,284.34,253.07,227.2,204.28,181.18,163.78,149.95,140.26,130.32,130.32,133.56,133.09,129.92,129.59,122.21,121.76,121.05,120.27,117.6,101.03,101.87
and,Andorra,0.64,0.7,0.73,0.74,0.74,0.7,0.68,0.69,0.67,0.65,0.63,0.62,0.61,0.66,0.69,0.69,0.71,0.69,0.67,0.64,0.61,0.56,0.54,0.51,0.53,0.53,0.52,0.52,0.53,0.53,0.45,0.45
are,UAE,20.67,21.04,21.05,21.98,22.92,23.45,24.3,25.47,28.25,30.64,31.52,32.92,36.13,38.88,41.15,46.35,58.06,74.12,82.69,91.91,108.01,104.63,100.03,107.99,102.12,94.14,84.35,74.95,68.84,65.61,59.97,51.24
arg,Argentina,2063.22,2033.56,2083.5,2088.03,2171.2,2110.58,2155.47,2131.67,2033.8,2143.1,2435.74,2622.89,2685.7,2425.17,2061.18,1930.05,2060.08,1861.1,2186.18,2347.26,2409.98,2483.82,2729.92,2845.76,2939.5,2889.74,2790.71,2640.96,2523.68,2448.44,2255.91,2161.03
arm,Armenia,185.78,243.56,313.63,385.93,348.43,271.43,232.5,198.17,190.05,170.87,148.38,143.34,130.34,125.03,129.46,145.5,157.68,164.23,152.32,142.22,145.15,137.44,152.2,135.32,131.52,124.56,111.82,91.25,68.91,72.99,72.43,71.16
atg,Antigua and Barbuda,2.14,2.27,2.3,2.48,2.8,3.27,3.08,3.04,3.12,3.14,3.55,4.49,3.84,3.73,4.04,4.52,4.78,5.26,4.64,6.4,5.51,4.98,4.5,4.45,4.02,4.06,4.07,3.92,3.84,3.79,3.21,2.9
aus,Australia,375.35,361.26,340.65,335.24,337.07,330.2,331.53,331.76,336.48,333.95,336.36,330.34,320.42,290.39,246.42,257.41,297.5,303.9,321.65,340.13,322.35,307.72,308.58,299.13,297.41,296.29,272.69,244.93,253.78,269.84,255.49,257.03
aut,Austria,114.71,114.93,120.5,118.02,115.91,103.96,96.23,88.99,87.68,85.15,85.65,84.22,86.19,81.3,81.38,77.47,76.05,73.15,71.41,73.86,70.59,71.41,68.2,65.12,65.66,66.22,62.7,61.64,63.81,63.29,57.87,55.93
aze,Azerbaijan,728.8,1012.35,1665.26,2040.44,2140.11,1519.16,1135.08,954.98,826.99,708.63,605.91,530.37,476.71,447.68,429.81,412.58,372.35,325.51,338.53,343.17,362.57,353.65,359.6,362.87,363.52,356.99,350.23,356.83,365.1,365.23,334.2,342.25
bdi,Burundi,44.44,45.23,46.28,46.08,44.47,46.44,48.18,260.52,45.78,45.92,146.49,46.74,47.64,91.78,104.64,52.45,53.75,106.62,55.64,58.96,62.87,64.97,66.07,67.27,68.41,68.96,68.59,69.12,130.73,96.27,77.4,76.78
bel,Belgium,203.56,204.11,219.63,221.1,223.07,214.49,203.7,201.65,205.43,213.09,198.13,196.59,196.79,181.51,179.03,171.22,164.67,163.69,154.34,155.32,149.21,159.9,151.38,139.65,141.08,134.58,132.76,132.29,129.52,125.29,109.54,121.51
ben,Benin,257.37,266.6,279.1,293,308.58,325.68,341.55,358.27,377.5,386.49,404.72,412.48,419.61,424.36,432.51,442.72,454.08,470.8,482.19,513.8,549.33,576.5,608.07,633.3,653.18,670.37,687.82,693.2,708.63,723,752.13,775.69
bfa,Burkina Faso,1040.1,1041.18,1050.95,1086.23,1101.31,1135.9,1165.63,1194.88,1234.91,1244,1284.45,1286.34,1297.18,1304.11,1324.36,1366.19,1381.43,1403.49,1406.29,1447.85,1515.09,1555.89,1651.24,1743.51,1821.5,1880.98,1984.96,2013.98,2011.77,2102.05,2150.57,2088.31
bgd,Bangladesh,3091.27,3064.94,3179.96,3328.72,3418.28,3612.5,3692.6,3683.42,3700.54,3629.88,3604.7,3554.02,3443.23,3380.06,3324.43,3417.12,3583.4,3582.16,3575.96,3700.1,3699.41,3561.08,3253.97,3283.94,3287.95,3269.92,3312.86,3377.26,3334.03,3303.7,3248.06,3182.42
bgr,Bulgaria,400.96,429.3,486.81,504.41,553.15,522.05,513.71,520.14,458.15,406.22,394.57,369.94,349.75,328.4,318,290.45,270.63,262.65,241.07,232.03,215.19,201.44,199.3,183.26,182.29,171.6,158.23,148.35,146.61,144.32,137.33,134.34
bhr,Bahrain,7.86,8.36,8.62,9.31,9.99,10.32,10.76,10.73,12.69,14.94,16.72,17.9,19.09,21.26,24.54,26.45,27.39,28.07,30.25,31.2,31.49,31.08,31.91,32.26,32.93,32.32,31.49,31.43,31.31,30.24,30.05,29.7
bhs,Bahamas,40.01,35.4,41.58,48.1,56.78,55.06,54.32,57.9,60.75,62,61.56,56.37,56.5,56.75,57.03,71.56,77.24,85.93,93.71,102.83,106.79,122.8,125.62,126.9,123.19,128.07,126.57,125.29,124.26,123.05,120.68,120.61
bih,Bosnia and Herzegovina,54.33,60.68,62.61,58.9,57.55,52.93,47.93,44.79,42.74,42.25,43.32,41.73,41.37,39.95,38.31,39.1,38.31,39.99,36.55,35.08,32.9,32.38,30.7,29.79,28.87,29.31,28.66,27.12,27.92,27.74,24.53,22.43
blr,Belarus,776.25,814.48,1018.03,1215.2,1291.74,1410.4,1325.7,1395.26,1426.6,1445.61,1375.06,1392.62,1573.27,1433.72,1409.53,1333.12,1178.82,1111.44,1236.26,1173.59,1031.66,1144.18,847.16,760.36,699.51,646.94,502.04,378.9,373.44,380.1,381.67,383.87
blz,Belize,15.5,17.26,18.79,19.5,21.07,22.98,26.55,33.82,41.37,40.32,43.93,50.09,56.7,56.04,55.69,63.45,65.01,65.35,72.67,86.09,94.25,98.58,98.03,95.05,90.21,93.45,97.52,97.51,94.9,98.4,86.37,87.9
bol,Bolivia,502.18,510.17,510.98,516.54,519.55,524.27,518.66,532.59,538.18,529.84,579.31,523.47,524.14,519.47,518.54,513.14,517.6,526.59,535.43,546.13,562.84,557.56,557.69,558.53,564.01,566.84,565.98,566.03,567.61,574.97,566.12,567.67
bra,Brazil,40979.27,40812.25,40202.11,42467.51,43609.75,45887.49,47107.4,48895.54,51604.95,52270.51,54432.01,56987.03,58964.25,59288.66,57929.22,56845.27,56809.2,57275.98,58717.78,60291.42,60367.98,60641.52,63098.69,63920.39,65261.46,65984.8,68161.41,67446.07,62823.74,56391.75,56862.01,56015.11
brb,Barbados,25.67,25.64,26.9,28.7,29.75,29.42,27.37,21.89,20.35,22.53,26.19,27.16,28.02,30.95,33.46,36.72,35.73,33.54,33.43,29.09,30.59,34.01,33.59,34.83,35.08,35.73,35.84,35.87,35.88,37.13,34.21,33.16
brn,Brunei,4.16,4.25,4.3,4.35,4.44,4.51,4.64,4.47,4.09,3.83,3.68,3.58,3.51,3.43,3.52,3.51,3.43,3.59,3.57,3.61,3.69,3.83,3.98,4.09,4.12,4.17,4.24,4.2,4.19,4.1,4.22,3.96
btn,Bhutan,11.29,11.51,11.37,10.92,10.52,10.77,10.71,11.24,11.31,10.95,11.9,11.6,10.59,9.49,9.06,9.05,8.77,8.51,8.39,8.49,8.53,8.44,8.4,8.42,8.36,8.2,8.11,7.9,7.66,7.49,7.39,7.27
bwa,Botswana,17.65,19.25,21.95,24.62,28.42,35.09,43.63,57.81,81.02,118.72,172.69,236.96,273.66,292.94,281.55,276.37,266.77,275.95,289.08,300.78,306.54,303.58,290.12,281.35,270.41,263.53,248.91,236.09,231.16,224.89,225.36,224.73
caf,Central African Republic,224.17,236.97,240.24,255.86,265.46,268.26,283.83,287.57,308.26,321.13,325.1,334.85,348.65,356.38,363.09,370.72,382.02,387.28,376.22,387.41,413.96,489.5,425.77,819.22,1524.63,707.99,651.02,1525.91,762.54,460.97,646.28,466.82
can,Canada,673.52,705.58,677,618.06,566.46,492.65,483.33,411.91,429.37,414.6,405.16,424.74,420.38,414.98,453.16,517.39,526.07,511.39,552.63,522.17,560.38,543.61,547.15,506.03,491.43,511.19,507.92,517.63,499.97,492.1,508.56,487.98
che,Switzerland,109.9,113.6,117.85,117.13,114.49,102.06,93.15,90.98,83.84,82.23,80.48,80.51,81.54,76.72,76.31,69.71,65.84,62.95,60.72,62.17,57.12,59.16,57.26,54.44,50.78,49.68,46.53,46.69,47.75,44.99,41.35,42.92
chl,Chile,1064.56,992.71,910.58,853.65,822.85,811.64,806.64,801.67,805.08,790.15,756.18,786.77,767.52,770.32,779.56,833.48,801.38,638.72,703.02,711.15,760.18,775.49,763.35,765.05,832.85,813.8,746.65,671.95,590.72,603.18,638.7,576.29
chn,China,43052.07,42884.99,42017.1,41274.96,40716.3,39243.72,37310.73,36009.24,34675.56,32943.44,31029.38,28609.46,27468.01,27535.22,27249.54,25601.58,23758.93,22368.26,21115.83,20462.65,18873.89,17157.9,15674.97,14724.89,13915.12,13286.86,12838.76,12496.61,12298.84,12076.3,11859.77,11760.39
civ,Cote d'Ivoire,1095.37,1161.78,1236.95,1349.18,1452.9,1584.33,1623.72,1679.42,1760.6,1804.49,1885.76,1892.11,1958.42,2105.87,2163.18,2153.37,2037.36,2049.04,2004.88,2016.12,2070.01,2112.82,2150.38,2290.82,2352.51,2386.6,2442.38,2393.43,2342.96,2286.63,2302.19,2305.94
cmr,Cameroon,299.89,366.87,360.56,404.42,408.03,393.41,412.45,436.07,512.64,476.9,502.5,517.61,544.35,558.7,571.45,595.38,625.37,572.41,599.39,634.26,661.18,676.49,689.51,707.37,726.98,728.33,752.58,809.14,752.41,767.49,760.12,789.34
cod,"Congo, Dem. Rep.",1206.59,1253.24,1271.57,4443.09,1423.68,1816.16,1528.23,1545.11,1783.64,3200.86,2640.36,2202.77,4647.63,2671.57,1791.38,1799.38,1841.11,1905.87,2033.48,2047.76,2118.03,2208.93,2457.99,2390.79,2494.58,2381.6,3121.87,3160.6,4130.75,2539.1,3208.51,2921.7
cog,"Congo, Rep.",156.68,157.45,162.6,168.82,193.05,202,209.59,230.75,216.63,224.49,222.28,207.27,204.18,217.01,219.11,224.64,226.5,233.22,234.82,238.08,238.37,232.47,241.9,247.67,252.7,254.56,258.81,260.45,265.43,270.16,275.19,283.51
col,Colombia,23878.03,27685.92,28948.92,29143.38,27427.36,25851.94,26406.05,26734.52,28219.51,29885.04,33036,34365.72,35801.77,26067.52,23589.58,20215.91,19865.85,18797.03,18710.68,19459.57,18891.8,17968.44,17420.54,16498.87,15055.98,14534.6,14368.78,14233.37,15631.16,16195.71,14066.21,13925.01
com,Comoros,28.8,31.37,33.76,35.91,38.92,40.72,43.47,45.51,86.61,45.79,47.41,48.64,50.1,50.66,45.77,52.05,45.33,56.19,58.74,51.42,44.21,48.83,48.15,51.09,71.4,72.75,73.64,74.19,70.48,73.31,77.59,78.55
cpv,Cape Verde,42.39,43.94,45.65,48.08,50.03,51.75,54.35,56.96,57.74,58.53,59.46,60.76,62.75,64.49,66.31,68.52,67.24,66.78,72.03,76.37,82.07,85.65,87.81,88.16,88.45,87.82,86.97,85.99,77.99,77.3,77.57,77.52
cri,Costa Rica,177.42,188.13,214.38,218.52,237.13,243.73,225.78,222.81,225.83,239.93,234.94,244.56,250.28,275.09,280.32,285.37,322.88,304.73,368.57,414.44,475.76,446.5,422.46,433.6,460.62,512.36,551.1,572.76,583.8,570.01,540.45,597.37
cub,Cuba,865.2,870.67,807.86,854.76,898.59,815.19,730.68,749.25,768.52,669.09,621.55,637.21,649.84,649.25,651.33,663.95,594.35,590.27,623.92,694.67,666.67,689.43,747.44,783.71,729.97,764.02,724.18,661.56,650.6,666.17,628.06,618.94
cyp,Cyprus,21.47,21.55,21.35,22.17,23.16,23.28,23.88,23.89,24.68,25.02,24.98,25.02,24.05,23.32,23.43,23.89,23.23,22.52,22.29,22.07,21.89,20.18,19.92,18.83,18.22,17.68,17.02,17.17,17.54,17.51,15.58,15.74
cze,Czech Republic,231.88,231.76,248.05,241.21,254.1,235.26,218.4,239.28,215.67,204.63,200.81,183.53,181.65,180.22,168.77,155.78,155.75,153.88,141.56,133.31,123.49,124.69,118.96,109.66,104.58,98.72,90.39,87.78,89.98,97.07,89.63,89.57
deu,Germany,1032.53,1085.41,1140.34,1131.2,1150.15,1115.34,1035.08,996.68,965.49,959.82,904.5,853.22,871.48,829.08,782.78,718.33,704.33,683.28,663.65,661.58,631.34,617.77,575.1,549.23,544.13,551.55,541.48,535.41,527.62,521.64,498.8,487.59
dji,Djibouti,26.91,45.2,34.26,40.22,37.56,62.37,48.78,50.3,59.94,65.62,72.85,79.67,85.99,87.16,98.61,101.92,103,108.69,112.26,114.79,120.83,125.39,128.55,131.64,128.52,133.51,134.3,137.58,133.96,138.2,137.57,143.99
dma,Dominica,3.87,3.94,3.96,3.97,3.93,3.9,3.82,3.77,3.72,3.6,3.35,3.7,4.01,4.26,4.4,4.75,4.93,5.3,5.5,6.02,6.3,6.48,6.54,6.67,6.6,6.61,11.54,6.45,6.36,6.3,6.26,6.17
dnk,Denmark,88.47,90.73,93.89,92.77,98.91,94.59,87.24,85.48,79.43,81.47,77.7,73.84,76.16,71.8,68.95,64.69,62.45,61.16,59.51,57.64,53.26,52.82,46.2,43.44,44.22,42.57,41.53,41.03,39.41,38.49,38.39,35.84
dom,Dominican Republic,788.42,801.41,814.17,836.08,859.41,887.62,901.86,952.68,1000.27,1011.23,1020.76,1037.39,1073.62,1165.2,1273.55,1385.76,1510.81,1621.88,1680.68,1775.39,1828.53,1844.67,1978.27,2144.29,2355.3,2390.02,2408.11,2424.34,2397.94,2319.13,1776.73,1832.12
dza,Algeria,360.26,350.92,358.76,369.7,410.59,454.05,408.81,679.06,574.75,453.81,457.22,465.69,465.85,457.33,428.05,412.25,407.26,391.33,387.3,384.41,374.88,374.53,372.18,391.99,368.95,364.15,368.2,414.95,430.86,391.62,358.83,342.44
ecu,Ecuador,1151.8,1219.21,1375.94,1484.26,1551.98,1683.67,1772.46,1871.73,2100.19,2122.9,2333.85,2517.96,2680.86,2640.09,2992.92,3222.31,3190.51,3122.16,3212.48,3078.69,3087.52,2842.68,2469.41,2036.35,1774.8,1545.7,1359.67,1364.4,1421.57,1613.63,1402.16,1447.2
egy,Egypt,264.59,247.5,226.2,219.96,216.27,218.87,216.19,217.49,218.74,222.57,223.41,241.93,279.21,325.49,381.37,443.88,523.49,590.5,666.72,731.25,855.75,976.69,1148.18,1297.96,1300.36,1367.15,1419.92,1379.53,1390,1395.86,1380.57,1359.67
eri,Eritrea,326.88,329.65,311.71,321.86,352.75,403.13,439.15,467.23,494.61,526.74,560.05,581.25,630.54,663.49,715.16,748.13,763.99,782.47,821.26,854.05,875.87,876.51,886.61,903.16,894.47,919.75,929.48,940.37,958.49,968.04,991.2,1017.88
esp,Spain,479.11,468.31,461.39,449.83,449.57,440.09,417.21,412.94,403.88,413.42,436.91,452.89,466.67,482.08,493.41,424.63,403.19,378.83,382.4,372.35,344.55,346.69,326.09,302.18,294.14,280.35,275.22,288.81,280.19,270.22,241.98,250.4
est,Estonia,170.69,201.63,267.73,327.71,371.01,345.19,268.19,254.98,255.28,235.57,224.78,224.89,203.57,179.14,163.92,152.25,140.62,134.14,116.99,102.47,86.89,92.29,83.78,75.77,71.24,65.25,60.51,50.63,49.41,45.6,46.58,45.61
eth,Ethiopia,7820.35,8190.16,9065.56,8441.77,8490.61,9674.78,8689.72,8661.67,9357.85,8425.12,8678.14,8458.06,8721.2,8328.35,7840.15,7740.85,7773.2,7402.84,7473.22,7266.81,7091.7,7076.75,7346.91,7236.42,7402.76,7591.43,7938.06,8182.65,8270.54,8107.47,8813.28,8559.6
fin,Finland,193.55,192.34,193.89,186.44,181.57,178.8,168.13,160,147.99,155.89,154.93,148.99,144.97,137.65,142.43,131.13,125.85,126.53,128.39,122.65,114.98,114.21,99.82,100.35,94.8,90.6,83.9,80.39,81.91,81.5,80.35,75.54
fji,Fiji,23.8,23.4,23.69,23.86,25.39,26.58,28.35,29.84,31.01,34.82,38.48,39.48,39.04,37.23,34.62,35.72,35.39,35.12,34.84,34.12,34.81,35,35.39,35.24,34.35,33.91,33.97,33.45,33.02,32.71,32.58,32.13
fra,France,932.25,932.61,939.98,936.2,961.2,919.81,840.34,804.76,730.25,697.93,665.78,664.33,671.36,644.1,607.51,574.9,562.98,540.43,558.45,568.31,536.99,554.04,542.02,510.2,484.76,477.5,447.05,448.87,451.89,443.35,429.7,413.75
fsm,"Micronesia, Fed. Sts.",7.85,7.97,8.12,8.21,8.38,8.51,8.6,8.67,8.79,8.85,9.01,9.09,9.04,8.96,8.95,8.95,8.91,8.89,8.83,8.82,8.76,8.76,8.76,8.79,8.76,8.77,8.82,8.82,8.79,8.76,8.74,8.71
gab,Gabon,50.69,52.82,54.57,53.81,56.9,62.96,63.62,65.27,67,65.09,68.1,71.18,72.36,74.17,73.68,73.99,74.59,77.21,78.4,79.24,77.77,77.47,78.11,78.96,80.68,82.4,83.8,84.54,84.85,85.17,84.83,84.75
gbr,UK,679.57,664.17,734.25,847.6,866.94,730.19,549.38,486.08,470.37,475.98,506.47,557.57,587.38,591.57,576.58,556.15,535.04,479.73,446.21,419.69,390.25,401.08,365.63,342.13,336.48,309.7,292.5,287.01,282.05,312.53,259.4,254.51
geo,Georgia,247.79,298.84,409.83,502.13,364.19,258.85,179.8,227.5,291.66,258.91,238.32,252.94,249.03,228.92,209.29,203.32,189.23,175.81,182.4,145.83,151.46,115.69,110.38,104.51,110.59,111.68,103.42,91.23,85.97,79.5,72.29,70.16
gha,Ghana,311.97,351.34,398.37,352.2,2363.71,545.82,412.53,445.14,476.68,502.58,564.8,623.47,643.43,649.9,679.46,716.57,735.02,746.59,775.75,718.8,717.17,722.08,718.04,726.55,743.68,773.26,789.26,846.67,785.34,758.78,742.9,727.82
gin,Guinea,313.05,328.08,345.56,364.04,382.97,404.57,427.03,443.2,467.59,483.8,519.92,504.53,514.79,533.26,564.55,575.92,609.23,619.52,628.88,637.47,672.4,712.31,693.54,816.28,747.77,767.51,783.31,783.66,790.88,795.41,847.81,801.48
gmb,Gambia,4.78,5.14,5.61,5.8,5.97,6.95,6.97,7.28,8.16,8.97,9.81,8.94,9.19,9.92,11.43,12.09,11.82,11.93,11.19,28.94,10.53,8.88,8.79,9.13,10.25,9.7,10.59,11.54,11.34,12.88,11.63,12.65
gnb,Guinea-Bissau,105.2,107.83,110.78,114.5,117.88,122.43,126.65,130.79,137.04,139.16,145.88,151.49,155.46,159.17,165.35,167.16,169.41,178.93,182.34,183.98,189.61,189.39,188.57,194.42,198.72,199.99,205.02,207.52,207.61,209.03,210.14,210.28
gnq,Equatorial Guinea,25.62,26.37,26.64,27.65,28.08,30.03,30.61,29.02,28.93,28.99,29.05,28.42,27.63,28.56,29.45,30,31.09,31.77,32.32,34.16,35.65,37.52,38.16,38.31,39.6,42.02,47.26,50.27,53.67,57.17,59.34,62.33
grc,Greece,132.17,138.35,141.82,144.04,146.5,143.15,145.33,141.98,138.64,135.16,128.46,127.32,121.51,123.44,123.83,119.6,115.34,125.47,130.86,134.72,138.89,133.35,130.03,115.33,104.31,94.03,92.54,89.04,113.66,90.96,87.88,86.92
grd,Grenada,3.43,3.55,3.52,3.64,3.62,3.66,3.88,4.25,6.1,8.18,8.64,5.01,4.97,5.64,5.4,5.99,5.64,5.51,5.84,6.74,7.18,6.5,5.85,5.8,5.23,5.23,5.22,5.01,4.91,4.82,4.78,4.72
gtm,Guatemala,3445.1,3792.84,3979.43,4090.47,4528.27,4327.61,4186.31,4683.38,4687.67,4173.57,4400.45,4520.52,4552.46,5083.38,5413.65,6678.75,6626.04,6294.61,6724.73,7521.4,6162.38,5136.18,4545.01,4733.95,4698.91,4729.91,4652.71,4438.65,4285.52,4346.6,3674.47,3721.67
guy,Guyana,102.39,90.48,75.62,87.13,92.06,102.67,113.57,118.66,123.32,114.34,124.68,130.84,147.15,165.96,158.91,171.59,167.11,151.65,146.63,140.76,149.84,159.65,163.99,174.11,174.05,171.27,169.97,164.85,162.46,166.3,165.99,160.96
hnd,Honduras,1761.68,1817.41,1900.89,1953.67,2021,2121.07,2172.45,2264.81,2340.16,2411.72,2508.24,2586.14,2627.63,2657.16,2635.91,2738.12,2883,3041.36,3199.56,3333.71,3442.65,3308.93,7649.44,7413.69,7511.87,8154.45,3371.87,3293.43,3902.56,4144.43,3268.33,3300.69
hrv,Croatia,148.7,160.26,178.12,171.44,164.83,152.25,142.45,150.78,137.76,129.48,118.68,105.32,99.75,95.05,86.62,80.16,81.04,79.78,78,69.05,64.18,63.22,61.2,54.3,50.33,48.71,47.25,48.37,49.87,48.36,44.74,44.53
hti,Haiti,1420.35,1357.5,1384.33,1394.36,1382.48,1447.13,1439.76,1551.38,1444.32,1571.7,1621.4,1736.73,1787.68,1875.58,1966.95,2006.6,2035.73,2116.9,2138.51,2168.34,2115.95,2285.03,2385.1,2466.01,2604.34,2679.59,2713.26,2750.66,2979.91,3122.44,3007.19,2994.49
hun,Hungary,359.29,383.07,421.37,407.3,399.34,371.19,341.12,365.29,352.93,329.55,295.1,271.83,265.8,243.97,231.91,214.86,208.73,208.68,197.28,180.95,167.89,169.41,168.9,151.73,140.23,137.3,125.79,115.08,116.33,114.5,110.35,108.83
idn,Indonesia,2294.24,2334.26,2391.94,2443.44,2481.6,2508.28,2530.07,2932.29,2642.15,3350.83,3225.03,3266.9,2760.88,2715.62,2761.27,2706.53,2695.85,2631.6,2622.8,2608.34,2605.8,2585.53,2621.89,2631.78,2632.65,2649.85,2638.55,2633.34,2630.66,2636.64,2623.8,2588.35
ind,India,34902.83,33684.21,34388.12,34840.73,35136.14,35801.74,36630.35,37514.08,39891.27,41204.2,41600.6,41803.89,42626,40971.81,42168.63,43011.71,42906.37,42968.54,43195.46,42711.73,41828.73,40326.86,39059.99,39112.27,38180.63,37481.6,38060.6,39027.14,38544.94,38193.39,38578.88,38920.18
irl,Ireland,41.14,41.24,41.08,40.73,40.88,42.74,40.81,41.51,42.31,44.28,43.52,44.49,45.79,42.49,41.04,38.75,41.16,42.91,42.58,44.98,39.41,38.9,36.15,32.95,31.24,28.73,27.94,26.31,26.26,26.36,23.37,22.32
irn,Iran,1457.07,1469.28,1456.93,1464.01,1469.81,1480.6,1495.03,1526.64,1581.95,1615.6,1636.93,1682.39,1727.27,1770.14,1821.67,1842.05,1886.29,1982.34,2082.21,2170.34,2307.89,2310.86,2391.84,2461.19,2462.83,2477.5,2430.61,2348.42,2312.64,2274.65,2113.29,2079.45
irq,Iraq,931.19,979.05,1343.28,1173.69,1838.81,1857.98,1384.59,1601.88,1344.81,1384.56,1563.47,1552.99,1785.22,2047.34,2398.4,2599.32,2916.84,3280.54,3366.52,3610.74,3921.06,3960.92,4185.88,4347.64,4592.16,4518.46,4459.75,4424.64,4425.29,4403.07,4125.9,4103.9
isl,Iceland,3.23,3.27,3.05,3.01,2.93,2.75,2.76,2.65,2.52,2.55,2.6,2.64,2.71,2.58,2.52,2.31,2.31,2.29,2.27,2.37,2.39,2.29,2.32,2.19,2.14,2.02,2.07,2.09,1.99,1.99,2.03,2.09
isr,Israel,149.31,151.39,154.14,166.34,170.77,165.64,168.4,161.2,165.87,182.59,203.55,219.99,247.45,238.91,229.86,218.31,207.08,188.09,179.53,180.45,185.87,173.75,169.03,160.44,159.36,160.95,155,156.75,153.83,154.53,142.82,137.04
ita,Italy,1616.08,1613.18,1393.98,1125.21,1049.05,976.01,937.55,866.97,830.72,787.82,714.83,660.44,654.74,689.36,661.86,602.56,597.93,603.5,563.25,551.2,511.83,502.08,493.96,462.15,422.78,423.69,401.29,376.04,386.74,333.82,301.24,312.27
jam,Jamaica,255.86,259.07,298.15,311.66,343.9,398.22,485.69,555.56,572.27,617.66,580.85,638.44,585.08,563.32,621.94,748.85,686.03,706.26,614.56,1016.54,705.91,870.61,661.33,665.52,720.61,747.7,753.33,762,764.52,794.57,771.43,805.88
jor,Jordan,101.22,103.85,106.23,116.65,125.46,131.92,141.4,148.13,162.88,176.47,190.14,210.23,221.4,233.04,241.65,241.75,244.88,254.82,265.43,264.98,276.69,274.88,286.62,294.37,306.95,318.36,323.88,319.67,322.67,333.59,342.18,352.36
jpn,Japan,1082.22,1038.66,1074.78,1096.94,1115.66,1003.39,970.95,1017.89,1099.1,1094.36,1087.08,1060.58,1074.95,1034.49,1005.71,929.36,897.87,854.68,826.44,780.35,750.1,701.12,668.37,652.49,660.11,638.99,629.24,596.58,601.24,637.53,592.55,588.9
kaz,Kazakhstan,2038.35,2314.77,2880.54,3333.17,3272.58,3304.98,3026.9,2988.53,2765.11,2636.02,2924.94,2955.33,2851.77,2936.86,3149.34,2999.65,2836.1,2717.35,2424.37,2114.24,2106.57,2008.28,1883.39,1660.49,1426.67,1465.97,1387.04,1254.31,1187.17,1201.33,1108.15,1107.03
ken,Kenya,1475.63,1559.63,1969.01,1967.94,1774.19,1881.04,2061.66,2200.23,2438.56,2389.48,2810.46,2715.44,2769.61,2959.52,3182.62,3533.15,3714.38,3699.18,4251.75,4090.02,4109.86,4214.14,4347.3,4255.49,4261.53,4277.1,4207.61,4246.98,4282.47,4246.75,4272,4312.39
kgz,Kyrgyz Republic,534.46,523.19,641.4,683.21,681.89,627.85,570.72,517.83,488.87,458.39,438.09,408.73,395.67,376.07,396.37,409.63,397.78,379.64,380.04,380.83,404.28,374.43,335.16,310.71,278.25,278.22,246.68,224.98,222.76,215.84,218.2,224.92
khm,Cambodia,398.75,410.78,419.24,428.73,444.23,454.47,472.12,496.62,512.09,493.94,476.6,469.67,460.6,453.38,453.61,455.97,442.97,449.66,446.16,450.2,458.17,459.33,476.03,473.85,472.36,476.58,482.97,476.22,480.56,484.25,486.34,486.07
kir,Kiribati,4.93,4.06,3.36,2.83,2.38,2.02,2.1,2.11,2.11,2.08,2.06,2,2.06,2.12,2.18,2.26,2.33,2.41,2.5,2.58,2.64,2.7,2.75,2.77,2.79,2.81,2.83,2.84,2.84,2.85,2.87,2.9
kna,St. Kitts and Nevis,5.14,5.25,5.11,5.33,5.23,4.39,3.65,4.49,4.33,4.7,4.24,4.33,4.35,5.41,5.33,5.19,4.89,5.67,7.34,9.05,8.91,9.63,8.89,8.67,8.22,8.42,8.58,8.58,8.62,8.54,8.54,8.6
kor,South Korea,975.19,960.59,952.28,940.8,982.29,961.63,980.9,1014.27,1059.2,1067.8,1111.04,1148.67,1162.35,1184.03,1189.11,1138.78,1102,1075.64,1036.79,996.66,935.93,861.39,795.73,746.53,694.2,649.5,611.09,571.09,553.87,534.57,518.45,516.45
kwt,Kuwait,20.67,50.04,59.13,48.73,47.73,35.79,29.93,23.18,23.38,30.15,28.87,29.23,31.55,40.14,60.33,49.92,43.99,40.56,47.27,40.08,37.18,32.68,36.86,42.51,51.64,57.42,48.47,44.62,45.23,47.84,53.27,50.95
lao,Lao,525,536.75,544.55,559.12,573.39,584.5,588.13,605.13,630.59,628.54,626.48,648.68,635.66,627.55,617.41,616.42,603.74,594.28,590.39,593.07,588.09,566.51,562.42,556.03,551.88,559.2,556.84,549.42,546.88,544.63,546.09,545.8
lbn,Lebanon,1335.03,212.81,217.42,219.76,231.92,209.62,188.27,178.74,190.63,184.56,174.51,143.04,137.34,132.9,131.36,131.27,130.54,131.44,169.95,130.19,130.24,127.42,182.55,264.38,228.16,281.44,188.24,366.07,142.87,139.3,139.35,141.41
lbr,Liberia,107.36,357.6,103.92,158.12,538.43,69.6,2045.49,55.64,64.28,70.29,73.16,74.71,71.16,69.26,66.91,68.62,71.16,75.11,81.63,93.43,101.65,106.4,115.56,120.56,118.08,116.87,119.09,116.97,118.91,126.8,124.06,127.87
lby,Libya,82.45,81.49,82.39,84.06,86.21,87.99,88.73,96.04,99.56,104.57,109.16,118.06,125.82,131.31,126.38,122.89,111.51,118.63,140.81,142.46,152.59,156.44,529.22,159.58,1329.82,1359.56,757.46,859.63,788.5,177.07,184.41,167.82
lca,St. Lucia,14.14,15.08,16.11,17.13,16.95,16.2,14.87,15.4,17.99,18.93,21.42,24.08,27.69,28.4,29.08,29.8,28.17,26.49,27.64,32.51,33.99,34.62,34.01,32.6,29.78,29.11,27.76,27.76,26.86,27.07,27.34,26.82
lka,Sri Lanka,1146.28,1016.24,992.12,910,1003.04,1102.38,1197.25,1298.29,1224.01,1226.82,1286.39,1179.76,1091.63,1054.49,1044.29,1067.8,1140.04,981.57,909.17,762.39,666.44,671.95,610.71,560.15,520.12,519.01,547.04,555.56,571.39,593.55,518.81,588.31
lso,Lesotho,214.87,256.33,299.21,331.59,359.64,370.02,381.2,407.35,452.61,511.67,575.76,609.99,628.75,659.43,682.59,688.83,677.25,662.3,646.34,628.95,640.31,640.31,652.19,655.51,667.57,673.43,669.84,655.44,658.85,666.75,664.04,660.55
ltu,Lithuania,284.82,336.48,405.87,491.87,538.16,505.82,418.01,391.99,377.61,379.11,401.05,400.72,370.01,370.46,360.3,370.46,357.36,353.48,327.29,262.97,244.08,230.22,203.26,198.74,178.9,173.71,156.18,129.77,125.09,113.39,110.24,108.51
lux,Luxembourg,8.54,8.6,8.68,8.55,8.67,8.22,7.69,7.24,6.72,6.51,6.42,6.43,6.56,6.34,6.12,5.78,5.62,5.38,5.03,5.08,4.92,4.96,4.74,4.53,4.52,4.34,4.15,4.12,4.34,4.2,3.83,3.97
lva,Latvia,278.25,326.15,433.18,564.56,615.58,537.9,420.34,403.78,391.96,371,354.74,348.69,335.6,306.52,280.58,275.71,269.11,240.99,216.84,188.04,170.63,165.77,152.81,152.72,147.63,134.66,121.93,112.33,112.31,103.23,98.14,101.32
mar,Morocco,109.64,112.71,120.75,132.76,149.92,174.02,199.42,238.05,276.15,320.02,351.29,385.03,391.78,405.3,406.86,407.74,410.85,406.7,398.42,393.4,385.25,372.58,361.8,351.74,346.34,336.5,328.16,319.75,306.92,303.91,300.73,301.16
mco,Monaco,0.13,0.13,0.13,0.13,0.13,0.13,0.13,0.14,0.14,0.14,0.15,0.15,0.15,0.15,0.15,0.15,0.15,0.15,0.14,0.15,0.14,0.15,0.14,0.14,0.14,0.14,0.14,0.14,0.13,0.13,0.13,0.13
mda,Moldova,445.49,531.57,627.62,653.41,786.81,809.18,719.13,625.42,593.78,602.42,601.48,535.95,519.47,475.11,442.6,449.9,410,398.29,376.71,359.08,356.64,300.56,296.63,286.03,270.41,254.62,231.89,189.05,190.87,190.59,177.22,177.33
mdg,Madagascar,114.98,111.66,113.9,121.29,117.35,131.97,150.27,177.8,223.7,289.72,431.19,436.19,505.95,420.74,404.06,395.79,382.6,376.84,376.11,462.55,382.45,385.37,384.21,383.88,392.76,398.33,402.86,410.89,423.53,427.31,435.38,446.71
mdv,Maldives,2.33,2.33,2.35,2.38,2.47,2.59,2.92,3.23,3.56,4.59,4.97,5.39,5.52,5.26,5.08,4.98,4.94,4.92,5.32,5.75,6.19,6.55,6.88,7.22,7.49,7.64,7.88,8.08,8.14,8.16,7.8,8.35
mex,Mexico,16582.75,16985.19,17560,17536.19,17424.47,17012.56,16039.42,15388.27,15309.46,13921.96,12914.65,12173.93,12138.01,12093.81,11500.39,11943.11,12092.51,11904.82,15677.44,20722.75,25265.88,27316.08,26409.37,25098.66,23400.71,24212.71,28079.66,33783.4,37958.92,39611.04,39558.61,39954.15
mhl,Marshall Islands,3.33,3.51,3.29,3.23,2.81,2.92,3.01,3.11,3.2,3.27,3.35,3.42,3.51,3.56,3.63,3.67,3.73,3.72,3.73,3.75,3.71,3.71,3.72,3.7,3.69,3.66,3.67,3.65,3.62,3.6,3.6,3.57
mkd,North Macedonia,72.23,70.87,76.37,78.33,78.66,76.42,76.37,79.39,84.73,83.67,80.1,82.24,82.55,77.03,68.58,63.17,62.78,62.1,57.25,55.33,52.73,49.23,49.1,48.18,48.44,47.39,47.58,44.62,45.61,42.9,38.75,38.65
mli,Mali,543.45,551.4,565.31,583.25,626.52,622.8,646.5,680.09,672.21,737.08,704.07,718.02,775.46,792.69,832.16,834.47,855.72,887.58,929.18,970.78,1005.01,1023.25,1184.9,1142.48,1255.93,1265.96,1327,1489.66,1556.93,1420.71,1848.54,1755.55
mlt,Malta,5.96,6.14,6.53,6.43,6.48,6.24,5.99,5.69,5.58,5.69,5.4,5.66,5.71,5.58,5.55,5.11,5.07,5.11,5.21,5.22,5.2,4.95,4.93,4.59,4.38,4.19,4.07,4.13,4.15,4.04,3.9,3.65
mmr,Myanmar,1254.98,1412.9,1073.97,1098.34,1125.44,2188.57,1143.73,1032.92,1093.97,967.38,990.55,938.74,840.53,817.32,793.97,888.38,760.5,775.32,707.02,702.84,695.54,685.63,801.25,726.94,692.63,706.28,743.31,721.85,698.37,690.4,704.34,710.35
mne,Montenegro,26.45,25.59,26.1,26.44,27.47,27.09,27.37,28.6,30.46,33.56,33.14,31.01,29.28,28.69,27.56,26.98,26.68,25.3,24.31,23.23,22.2,21.34,21.28,21.09,20.86,20.39,20.57,20.61,20.62,20.96,19.87,18.24
mng,Mongolia,193.9,213.28,237.47,259.52,272.21,273.76,264.89,257.55,238.45,223.47,213.63,211.57,213.33,215.72,231.08,231.81,229.04,229.16,218.15,212.32,225.52,241.23,232.09,223.37,218.15,217.59,210.7,214.85,213.25,217.75,211.35,196.48
moz,Mozambique,631.75,688.48,632.16,631.45,648.1,699.47,734.36,767.08,802.48,825.63,878.76,928.02,975.54,1042.84,1147.14,1292.37,1461.55,1648.26,1692.5,1741.96,1815.09,1834.65,1879.75,1918.49,1958.32,1994.27,2002.2,1993.98,1995.8,2043.95,2024.78,2026.03
mrt,Mauritania,95.38,96.79,99.72,102.72,101.26,103.09,108.79,111.89,116.93,114.54,118.96,123.65,125.7,124.93,129.76,133.38,136.69,134.08,132.74,139.4,140.72,139.88,146.62,149.18,146.61,147.67,147.55,153.04,154.35,162.62,167.91,171.52
mus,Mauritius,23.23,28.65,29.38,26.13,25.41,24.87,30.82,31.32,29.78,27.62,26.87,26.75,27.94,29.71,33.15,35.81,35.1,35.18,33.32,35.32,32.79,30.68,27.22,25.5,23.9,23.46,23.38,22.27,20.79,18.47,18.4,17.46
mwi,Malawi,159.13,169.45,184.8,194.09,199.3,203.22,208.43,220.1,235.78,249.19,261.07,262.77,284.62,310.9,332.36,350.97,358.23,362.76,353.78,350.44,348.85,333,315.82,301.15,291.99,288.9,283.77,276.37,287.59,270.99,269.13,280.26
mys,Malaysia,310.14,316.97,326.09,338.86,360.61,407.88,437.33,466.05,479.71,544.08,528.57,544.41,563.31,602.35,612.37,612.49,597.59,595.71,613.17,633.37,636.39,626.99,607.55,584.14,581.66,602.32,669.64,574.98,567.74,560.91,472.18,544.13
nam,Namibia,206.75,216.01,229.09,240.87,257.24,276.49,294.71,315.02,339.05,364.83,391.99,394.64,420.17,432.29,426.97,432.62,414.85,405.31,396.74,396.74,396.5,385.06,379.3,380.4,386.65,393.96,396.27,394.97,398.31,396.96,397.04,393.75
ner,Niger,521.52,535.6,552.24,577.12,588.94,618.98,630.24,670.98,683.89,709.04,735.67,768.24,777.33,808.3,792.5,841.85,823.21,839.82,793.45,839.74,848.32,886.43,921.82,989.44,1059.5,1092.67,1137.84,1170.62,1204.9,1215.79,1250.79,1372.25
nga,Nigeria,8970.54,9588.46,10430.84,10999.26,10088.38,10407.67,10717.55,11446.99,11463.01,12338.12,13613.67,13868.72,12499.59,12481.82,14164.93,12556.97,12694.99,12782.69,12714.2,12920.54,14099.34,14831.09,14427.7,15291.48,16210.92,15623.91,16003.04,16128.39,17026.79,15397.89,15886.92,16437.85
nic,Nicaragua,362.28,410.31,424.69,441.5,459.56,488.79,508.7,497.62,488.66,504.32,503.49,512.06,540.18,572.11,580.59,609.38,570.76,581.36,593.32,585.31,553.26,561.72,560.64,547.23,546.98,510.02,543.05,538.37,557.12,531.87,472.35,492.12
nld,Netherlands,222.92,230.21,245.57,242.28,237.82,236.3,228.31,226.79,220.98,232.06,226.41,229.45,231.06,221.43,212.56,190.99,174.44,169.45,170.31,168.97,157.7,163.09,155.96,142.82,143.84,131.75,129.75,135.08,125.79,124.19,115.19,115.09
nor,Norway,57.14,62.38,55.89,48.06,44.46,49.74,50.45,50.98,47.83,46.22,52.21,42.54,45.81,48.42,42.2,36.81,41.55,35.6,32.29,34.07,34.81,40.19,38.1,44.76,35.81,27.57,30.11,27.03,24.88,25.24,25.19,24.21
npl,Nepal,255.8,274.63,295.46,328.37,358.52,388.29,411.7,429.06,463.43,486.18,506.38,534.86,549.18,557.94,572.5,583.18,586.6,618.47,593.34,609.87,609.81,604.49,604.61,608.34,608.77,615.4,623.5,621.46,617.36,619.9,639.77,610.99
nru,Nauru,0.9,0.92,0.95,0.97,1.01,1.06,1.11,1.16,1.21,1.25,1.3,1.35,1.37,1.38,1.38,1.38,1.37,1.35,1.33,1.32,1.29,1.27,1.25,1.21,1.18,1.15,1.13,1.12,1.1,1.1,1.09,1.09
nzl,New Zealand,84.41,79.58,81.62,68.2,72,74.67,72.37,68.8,62.88,59.38,65.24,64.84,71.03,66.75,62.89,73.21,70.25,65.69,66.86,75.58,65.43,62.98,62.04,61.44,55.76,59.98,60.16,50.05,50.38,51.8,49.31,50.11
omn,Oman,11.76,11.27,11.23,11.41,11.81,11.94,11.91,11.91,12.2,12.32,12.46,12.45,12.88,13.23,13.56,13.8,14.36,15.63,16.41,17.06,17.88,18.81,19.53,19.87,20.03,20.41,20.89,20.83,20.82,21.06,16.46,16.95
pak,Pakistan,3310.06,3162.71,3382.71,3630.95,3894.7,4079.37,4219.57,4427.92,4639.56,4812.4,4972.04,5133.88,5261.44,5330.7,5515.02,5476.06,5619.48,6167.21,6530.15,6273.09,6396.06,6365.18,6380.88,6602.97,6661.27,6663.34,6885.48,6926.49,6999.1,7093.69,7047.94,7074.22
pan,Panama,234.21,237.98,261.25,300.56,305.47,324.34,288.58,316.3,310.61,317.2,325.05,351.65,387.68,388.71,364.97,391.31,432.95,503.73,636.78,767.37,768.49,765.34,760.3,707.37,674.84,592.05,547.6,562.15,592.29,593.59,598.29,603.54
per,Peru,1280.95,1311.72,1425.72,1496.53,1509.34,1486.58,1417.33,1413.72,1352.05,1161.23,1103.75,1002.79,986.86,1011.53,1021.49,1013.85,1012.68,994.36,1023.3,1119.81,1123.43,1110.18,1120.23,1082.42,1059.02,1058.77,1043.55,1114.89,1206.67,1351.98,1223.32,1194.33
phl,Philippines,12656.8,12621.82,12806.75,12987.93,12951.37,12921.4,13291.22,13509.2,14054.32,14137.9,14677.11,15180.83,15166.22,15078.95,15018.16,14959.01,14486.33,14065.65,13895.39,13871.22,13716.72,13592.68,13483.32,13373.49,13435.02,13955.38,14462.86,14881.79,14164.97,14541.56,14016.7,14767.97
plw,Palau,1.68,1.71,1.76,1.82,1.82,1.85,1.92,1.98,2.05,2.12,2.16,2.2,2.22,2.2,2.23,2.29,2.26,2.21,2.15,2.1,2.04,2.02,2,2,1.97,1.95,1.93,1.91,1.85,1.83,1.82,1.81
png,Papua New Guinea,202.67,207.74,211.37,213.83,216.19,219.2,227.93,229.04,237.93,304.32,263.34,314.3,273.22,269.72,274.41,285.92,292.56,312.53,352.41,390.94,485.78,588.3,768.17,673.76,690.1,727.01,715.22,738.64,750.39,791.29,796.03,836.54
pol,Poland,1368.02,1447.72,1492.25,1387.19,1504.81,1476.41,1365.8,1407.24,1313.79,1320.8,1204.04,1068.52,1060.92,980.94,955.7,938.18,935.01,904.31,849.13,766.76,688.49,729.53,686.67,656.66,593.31,546.33,538.79,532.68,542.91,606.66,516.35,512.13
prk,North Korea,659.95,656.76,666.44,667.43,692.19,689.88,689.47,706.07,720.52,717.46,712.39,719.32,706.71,692.61,693.04,669.42,677.25,694.06,697.33,703.91,692.39,684.07,671.83,666.94,675.34,673.13,668.46,665.3,657.72,655.81,652.47,648.9
prt,Portugal,319,323.21,312.28,300.32,297.27,302.25,294.62,298.76,292.87,286.72,277.22,264.94,253.58,238.54,229.85,190.45,195.52,201.32,210.13,201.67,193.62,179.37,172.88,156.47,146.53,140.32,130.58,128.44,124.23,121.01,113.93,112.24
pry,Paraguay,310,319.16,355.71,422.12,499.79,582.09,645.16,683,712.02,776.1,829.77,866.71,891.27,924.19,931.7,887.96,870.02,840.23,841.61,845.18,809.06,788.84,785.77,784.4,797.14,814.06,841.9,831.67,854.44,910.13,847.06,856.42
pse,Palestine,34.42,35.79,36.38,38.51,40.43,41.83,44.46,45.81,50.34,56.08,64.24,75.95,90.19,101.96,115.25,126.79,139.22,156.55,174.1,186.24,197.35,217.85,267.18,311.78,345.2,310.69,281.65,258.62,258.39,251.27,242.19,244.23
qat,Qatar,3.05,3.15,3.24,3.37,3.83,4.38,4.26,4.03,4.02,3.94,3.94,4.79,5.53,6.27,7.86,9.75,11.75,14,16.4,18.94,21.48,22.7,24.18,25.74,26.64,26.41,26,25.45,25.29,24.72,19.56,19.67
rou,Romania,1171.39,1097.64,1150.2,1060.9,1098.65,1024.29,974.92,973.75,892.26,891.15,868.76,852.16,868.93,829.03,735,640.17,584.16,559.57,564.78,552.27,535.38,469.04,467.37,415.09,410.94,368.82,355.97,330.18,323.74,324.97,320.11,292.72
rus,Russia,27213.06,30594.35,41107.82,56240.25,64230.86,62823.48,52804.55,47918.96,46715.31,52660.83,55447.36,56096.79,57637.24,55923.52,53655.08,52374.51,42954.93,39250.47,37347.69,32638.83,31520.51,28820.52,27074.62,26105.06,25149.48,23918.18,21825.03,19550.53,18490.21,17889.48,17338.87,17188.92
rwa,Rwanda,609,642.36,681.62,728.67,625.17,495.51,480.62,557.35,539.78,511.68,482.94,451.11,441.46,432.1,447.28,448.41,455.74,447.3,434.6,420.49,415.56,409.96,413.9,409.07,414.51,419.92,424.49,419.78,417.23,426.03,436.81,439.69
sau,Saudi Arabia,1336.52,1378.82,1395.43,1449.68,1486.2,1504.17,1537.97,1545.98,1598.26,1652.55,1683.15,1757.69,1843.73,1924.66,1995.39,2147.24,2288.13,2437.4,2564.69,2672.6,2856.05,2874.25,2984.48,3061.21,3165.74,3257.31,3366.96,3399.44,3449.12,3474.47,3531.96,3583.76
sdn,Sudan,92.65,1056.66,1091.1,4057.11,199.8,151.49,439.28,702.52,469.79,615.25,488.05,185.2,332.36,401.42,503.45,882.89,896.9,1363.86,866.96,2696.05,1203.68,1509.01,575.84,1836.69,1460.09,1397.34,687.85,777.34,600.57,533.79,953.66,1164.62
sen,Senegal,100.51,101.6,102.45,102.14,103.62,100.66,101.78,99.8,107.82,100.09,93.1,121.36,120.27,112.25,122.85,122.3,242.55,121.75,124.5,128.93,127.12,129.37,126.63,130.88,141.7,139.24,146.37,144.46,151.65,143.37,142.7,139.62
sgp,Singapore,58.48,56.35,56.11,59.28,59.19,59.75,62.33,67.96,69.52,67.52,69.58,66.83,66.04,65.99,65.01,63.4,63.1,60.62,62.31,58.41,54.91,49.45,46.2,43.99,41.62,40.56,38.73,36.11,35.29,33.47,33.35,32
slb,Solomon Islands,15.38,16.22,16.62,17.38,18.13,18.55,19.22,20.08,20.86,21.66,22.02,22.27,23.11,23.8,24.12,24.89,25.59,26.14,25.51,26.91,26.93,28.48,29.04,29.61,30.38,30.84,30.92,31.51,31.96,32.63,33.14,38.19
sle,Sierra Leone,62.6,71.6,62.19,61.17,82.39,97.02,59.94,95.94,57.64,68.85,57.31,59.97,63.26,67.22,74.47,77.12,78.88,82.19,78.65,77.97,83.27,83.8,87.44,91.34,94.24,94.99,98.06,101.16,104.11,103.65,106.1,106.24
slv,El Salvador,2553.63,2637.2,2833.02,3048.78,3244.21,3259.49,3114.35,3167.22,3287.47,2930.27,2880.39,2773.45,2675.18,2813.07,3024.31,3175.06,3320.51,3298.32,3239.26,3389.1,3201.91,3303.82,6148.24,5986.64,6738.75,7832.4,4190.19,3828.49,3605.48,3406.24,3311.64,3460.95
smr,San Marino,0.13,0.13,0.13,0.13,0.13,0.12,0.12,0.12,0.12,0.12,0.12,0.12,0.12,0.12,0.11,0.11,0.11,0.11,0.11,0.11,0.11,0.11,0.11,0.11,0.11,0.11,0.11,0.11,0.11,0.11,0.08,0.07
som,Somalia,754.02,712.97,4216.75,1231.35,1247.99,1305.86,1575.71,1451.39,1629.6,1916.03,1728.73,1908.81,2279.78,2230,2579.03,2277.83,2673.81,2158.79,2386.95,3030.65,2964.63,2570.46,2749.62,2524.42,2605.83,2676.6,2812.77,2862.9,3000.29,3099.7,3264.47,3262.89
srb,Serbia,442.49,702.84,639.1,452.42,478.35,481.13,482.89,487.98,442.99,437.55,444.41,407.51,385.99,366.59,342.38,321.6,305.75,294.9,279.84,264.7,242.92,233.39,226.49,214.09,208.05,203.17,190.92,189.66,187.84,187.65,180.78,174.72
ssd,South Sudan,389.05,396.95,422.31,453.21,474.84,539.78,554.95,532.27,557.91,572.08,606.31,591.37,598.02,643.11,687.66,711.62,759.99,794.66,813.67,845.86,853.75,1831.88,1438.5,1167.23,1042.92,1325.86,1365.76,1505.44,1427.9,1281.11,1718.31,1759.08
stp,Sao Tome and Principe,5.26,5.59,6.07,6.47,6.65,6.05,6.52,6.93,7.6,8.01,7.36,7.84,7.91,7.7,7.75,7.3,8.44,8.51,8.25,8.21,8.5,7.93,7.67,8.02,8.65,8.53,8.4,8.19,8.35,8.41,8.52,8.58
sur,Suriname,35.35,36.55,38.41,42.39,41.86,38.24,36.88,38.14,40.36,41.79,39.64,39.33,42.86,47.59,50.33,52.05,53.69,54.86,55.71,56.82,57.97,57.72,56.5,53.68,52.61,55.15,56.51,55.44,55.42,56.12,56.32,52.54
svk,Slovak Republic,207.95,200.7,199.98,188.88,186.39,182.95,174.25,186.88,191,186.5,181.38,173.31,173.62,168.07,159.51,159.57,159.15,161.53,152.27,140.89,128.68,126.61,121.51,114.69,114.73,116.18,108.17,107.89,110.75,106.63,100.8,100.45
svn,Slovenia,43.2,46.3,47.81,47.04,47.58,43.32,42.45,47.04,42.07,39.94,36.63,35.06,34.53,33.78,31.65,26.88,26.77,26.07,22.51,20.43,19.18,20.09,19.67,18.86,16.6,15.68,15.4,14.54,13.54,13.91,12.55,12.5
swe,Sweden,151.35,161.05,161.07,151.29,145.11,138.17,141.22,139.39,138.05,139.81,128.93,122.29,130.89,119.74,122.31,120.39,118.04,130.97,120.06,122.66,120.42,117.32,112.62,118.76,122.56,132.57,131.01,136.37,132.93,132.44,119.52,111.88
swz,Eswatini,200.92,194.61,189.88,183.62,182.62,192.63,202.63,208.6,218.41,222.3,221.54,222.29,222.24,221.49,227.44,238.09,238.13,244.64,248.74,251.26,251.75,246.84,248.73,247.61,243.81,242.3,241.57,237.56,235.85,232.3,228.25,224.54
syc,Seychelles,4.28,4.24,4.25,4.33,4.69,4.73,4.71,4.77,4.82,4.79,4.85,4.93,4.92,4.92,4.75,4.33,4.17,4.02,3.74,3.73,3.9,3.94,3.74,3.78,3.91,3.95,3.88,3.76,3.78,3.84,4.02,3.11
syr,Syria,190.53,186.36,184.63,181.65,189.83,205.46,228.93,251.9,298.84,340.99,357.2,369.43,374.83,363.07,380.95,403.82,424.4,437.67,462.64,455.23,472.41,450.92,437.11,393.71,344.59,303.17,282.84,303.19,267.65,281.8,982.2,583.26
tcd,Chad,296.15,295.76,315.35,344.63,353.05,368.91,409.88,446.56,480.38,510.83,614.61,570.12,592.65,630.18,641.82,658.2,886.5,835.93,730.16,756.38,791.33,807.06,831.39,871.25,898.92,925.87,966.08,1022.81,1035.13,1180.79,1122.4,1292.4
tgo,Togo,180.27,219.25,199.3,214.38,228.35,242.28,256.89,272.72,293.98,302.68,317.9,331.64,347.62,363.77,366.71,378.79,390.75,405.89,427.92,452.63,469.87,479.97,481.07,486.5,501.95,510.12,528.63,542.48,546.06,554.4,557.38,562.15
tha,Thailand,5737.35,6283.34,6546.34,7437.14,8027.93,8829.18,9226.8,8185.6,8171.21,8778.06,9085.48,8808.5,8728.93,8308.4,7612.79,6864.34,6242.98,5839.88,5530.14,5402.49,5362.26,5067.42,4941.3,4682.11,4486.28,4329.93,4168.29,3863.68,3705.85,3694.18,3702.81,3660.2
tjk,Tajikistan,318.84,386.47,1020.45,674.26,770.55,740.62,699.47,634.72,543.4,464.58,396.97,332.4,277.54,226.46,193.1,164.99,143.91,127.93,122.71,114.44,124.38,128.63,132.91,142.8,146.68,152.92,158.59,155.7,159.93,160.69,162.24,164.12
tkm,Turkmenistan,228.05,240.34,267.43,301.94,282.04,258.54,268.4,280.79,313.9,287.2,243.32,229.14,217.84,201.73,205.21,200.33,188.32,198.28,207.54,200.98,214.81,215.59,203.71,214.29,202.16,201.04,205.3,200.46,201.34,203.21,202.71,201.95
tls,Timor-Leste,27.44,27.24,27.44,27.26,26.62,26.11,25.44,24.38,24.4,23.79,23.95,23.46,21.54,22.63,17.87,20.72,20.83,22.32,20.75,22.8,23.36,27.44,30.33,31.43,32.15,33.06,34.26,34.88,35.9,36.99,38.06,38.92
ton,Tonga,6.49,6.26,5.95,5.75,5.53,5.17,4.74,4.18,3.62,2.96,2.24,1.66,1.46,1.31,1.36,1.37,1.43,1.45,1.49,1.49,1.5,1.48,1.5,1.51,1.51,1.5,1.51,1.5,1.49,1.49,1.5,1.49
tto,Trinidad and Tobago,128.81,137.99,147.72,156.56,162.12,143.79,138.98,127.55,151.8,156.46,150.67,176.85,191.48,242.49,287.72,366.43,374.28,401.22,469.66,466.16,432.15,378.48,347.12,361.82,363.47,365.3,389.04,397.01,393.45,390.09,374.39,367.26
tun,Tunisia,69.87,71.8,75.46,78.73,81.07,82.21,82.28,84.53,84.57,89.38,92.44,96.36,96.78,97.37,95.56,94.59,94.99,93.5,91.62,90.53,89.94,87.4,87.91,86.21,86.2,103.36,119.34,345.76,289.99,100.45,77.6,76.56
tur,Turkey,2674.03,2669.75,2640.74,2705.93,2813.15,2789.82,2765.14,2685.11,2682.73,2635.14,2467.2,2427.86,2287.43,2176.76,2077.08,2003.63,1939.04,1890.16,1857.43,1889.27,1919.48,1806.12,1834.52,1868.61,1879.09,1842.67,1874.25,1792.98,1722.48,1921.59,1595.58,1595.73
tuv,Tuvalu,0.7,0.69,0.68,0.67,0.66,0.67,0.67,0.69,0.69,0.7,0.7,0.71,0.7,0.7,0.7,0.71,0.72,0.73,0.74,0.75,0.77,0.78,0.79,0.8,0.81,0.83,0.84,0.84,0.85,0.85,0.86,0.86
tza,Tanzania,1926.49,1998.96,2066.99,2151.29,2246.86,2332.92,2400.71,2481.18,2565.32,2592.92,2613.93,2635.45,2684.04,2774.77,2815.95,2843.25,2877.28,2904.28,2905.45,2967.8,2961.55,2939.5,2960.67,2979.57,2966.9,3032.44,3093.36,3137.45,3129.96,3157.22,3187.6,3222.19
uga,Uganda,852,960.47,1005.96,1085.03,1169.92,1260.61,1334.86,1381.94,1597.1,1880.81,2003.1,1690.25,1677.26,2030.91,1737.9,1808.4,1781.93,1779.91,1736.9,1779.98,1767.07,1790.1,1814.68,1903.2,1968.03,2004.96,2149.43,2085.55,2107.66,2113.51,2182.44,2197.13
ukr,Ukraine,4462.42,5121.35,6432.96,7152.47,8490.67,9630.52,9100.13,8153,7530.03,7902.91,8032.77,7495.9,7290.16,6559.41,6579.21,7065.18,6457.63,6700.51,6145.95,4863.31,4328.85,3938.43,3824.71,3913,4312.98,3873.72,3567.9,3545.34,3620.79,3624.19,3449.26,3456.19
ury,Uruguay,153.35,148.64,145.47,150.51,149.49,138.62,138.43,148.96,162.45,164.92,163.02,164.57,171.65,150.11,144.93,147.78,155.22,153.55,157.64,169.71,172.56,185.36,201.18,200.4,209.27,217.58,215.22,229.08,233.84,232.15,210.12,224.18
usa,USA,25679.43,26596.58,25843.72,26014.15,25209.48,23608.3,21494.92,19768.55,18909.13,18079.67,17822.27,18386.87,18712.97,18596.35,18537.86,19149.48,19675.27,19364.33,18719.33,17922.5,17251.78,17137.72,17557.25,16710,16814.63,18506.96,20112.22,20311.75,19571.65,19510.79,19212.67,18838.08
uzb,Uzbekistan,1199.18,1209.8,1240.8,1163.04,1074.62,976.63,900.22,827.97,763.29,690.22,695.62,648.85,609.94,515.05,517.54,516.66,507.39,499.2,489.08,569.17,688.37,699.9,720.82,724.58,660.72,716.76,751.47,666.27,603.65,589.55,599.55,590.08
vct,St. Vincent and the Grenadines,14.53,14.78,14.58,14.64,14.8,15.3,14.77,15.74,16.92,14.63,14.56,14.11,15.54,16.02,20.25,24.79,24.98,26.25,24.25,24.23,22.85,23.3,24.22,26.4,25,25.13,26.28,25.44,24.63,24.15,23.87,23.81
ven,Venezuela,2921.65,3248.92,3659.25,4024.46,4318.4,4253.51,4281.01,4105.55,4612.19,5515.24,6972.55,7870.31,8810.34,10130.71,9747.25,10098.17,11211.08,12514.47,13747.62,14473.75,13890.91,14089.87,15215.82,14705.03,15055.69,15675.62,18154.86,16761.48,15237.93,13713.6,12710.01,12385.28
vnm,Vietnam,1286.77,1307.08,1309.31,1317.49,1327.89,1326.08,1323.28,1336.22,1358.67,1342.15,1339.4,1366.27,1390.66,1421.88,1440.22,1460.36,1508.72,1568.17,1636.49,1660.19,1676.26,1661.08,1689.33,1692.41,1695.02,1703.31,1702.02,1681.78,1671.03,1712.3,1653.15,1648.75
vut,Vanuatu,1.2,1.28,1.33,1.38,1.44,1.48,1.53,1.56,1.64,1.7,1.71,1.78,1.77,1.75,1.81,1.91,1.95,2.04,2.07,2.09,2.14,2.17,2.19,2.22,2.26,2.31,2.38,2.42,2.46,2.51,2.56,2.59
wsm,Samoa,7.98,8.01,8.06,8.07,8.13,8.22,8.25,8.25,8.27,8.33,8.36,8.41,8.29,8.16,8.08,8.08,7.97,8.11,8.15,8.25,8.4,8.44,8.77,9.07,9.29,9.53,9.86,9.91,10,10.04,10.1,10.12
yem,Yemen,278.15,280.84,287.98,298.97,313.77,322.57,333.16,341.82,352.77,364.16,378.04,391.59,420.21,450.35,512.35,524.21,543.36,564.85,603.38,607.89,574.09,560.63,560.99,569.19,1021.15,958.77,1518.99,911.51,873.44,614.24,925.1,689.42
zaf,South Africa,20001.51,20027.37,21226.25,20319.73,20263.06,20289.74,19467.44,21049.07,22180.88,22041.33,23332.2,24213.15,25986,27771.73,28420.69,28100.53,27509.61,26561.98,25750.61,24579.46,23244.3,21757.94,21163.02,20505.3,20344.09,20614.6,20685.83,19976.29,20036.06,20539.75,21150.15,21523.17
zmb,Zambia,486.72,523.09,574.53,613.8,663,715.58,751.91,791.97,836.86,873.62,908,943.45,992.71,1060.3,1150.79,1255.91,1332.84,1411.38,1494.96,1585.98,1690.87,1722.63,1729.16,1736.21,1752.02,1799.48,1837.53,1854.42,1878.65,1909.13,1925.89,1931.84
zwe,Zimbabwe,645.55,631.66,657.72,653.37,705.81,746.13,736.22,782.07,883.05,1006.68,1165.38,1272.37,1371.42,1426.37,1441.63,1465.19,1391.15,1282.96,1374.3,1383.24,1401.87,1399.47,1401.12,1372.42,1361.12,1403.77,1448.49,1446.38,1501.28,1528.19,1538.65,1580.7
